create table Students (
StudentID INT PRIMARY KEY,
FirstName VARCHAR(50),
LastName VARCHAR (50),
Gender VARCHAR(10),
Country VARCHAR(50),
RegistrationDate DATE
);

CREATE TABLE Instructors(
InstructorID INT PRIMARY KEY,
InstructorName VARCHAR(50),
Department VARCHAR(70),
HireDate DATE
);

CREATE TABLE Courses (
CourseID INT PRIMARY KEY,
CourseName VARCHAR(50),
Category VARCHAR(50),
InstructorID INT,
FOREIGN KEY (InstructorID) REFERENCES Instructors(InstructorID)
);

CREATE TABLE Enrollments(
EnrollmentID INT PRIMARY KEY,
StudentID INT,
CourseID INT,
EnrollmentDate DATE,
FOREIGN KEY (StudentID) REFERENCES Students(StudentID),
FOREIGN KEY (CourseID) REFERENCES Courses(CourseID)
);

CREATE TABLe Assignments(
AssignmentID INT PRIMARY KEY,
CourseID INT,
AssignmentName VARCHAR(50),
DueDate DATE,
FOREIGN KEY (CourseID) REFERENCES Courses(CourseID)
);

CREATE table Grades(
GradesID  INT PRIMARY KEY,
StudentID INT,
AssignmentID INT,
Score INT,
FOREIGN KEY (StudentID) REFERENCES Students(StudentID),
FOREIGN KEY (AssignmentID) REFERENCES Assignments(AssignmentID)
);

INSERT INTO Students(StudentID, FirstName, LastName, Gender, Country, RegistrationDate) VALUES
(001,'Lerato', 'Mazibuko', 'Female', 'South Africa', '2024-01-15'),
(002,'Lee', 'Kim', 'Female', 'South Korea', '2024-03-10'),
(003,'José', 'García', 'Male', 'Spain', '2024-02-29'),
(004,'Carlos', 'González ', 'Male', 'Spain', '2024-02-17'),
(005,'AYeong', 'Choi', 'Female', 'South Korea', '2024-03-23'),
(006,'Aya', 'Hanim', 'Female', 'Egypt', '2024-01-10'),
(007,'Kisii', 'Mwangi', 'Male', 'Kenya', '2024-03-15'),
(008,'Akhona', 'Ndamase', 'Female', 'South Africa', '2024-01-31'),
(009,'David', 'Murray', 'Male', 'United Kingdom', '2024-02-26'),
(010,'Lufuno', 'Mulaudzi', 'Female', 'South Africa', '2024-02-11'),
(011,'Noah', 'Walsh', 'Male', 'United Kingdom', '2024-02-18'),
(012,'Esihle', 'Peterson', 'Female', 'South Africa', '2024-03-21'),
(013,'Mostafa', 'Rashid', 'Male', 'Egypt', '2024-01-24'),
(014,'Maasai', 'Kamau', 'Male', 'Kenya', '2024-03-29'),
(015,'Sarah', 'Campbell', 'Female', 'United Kingdom', '2024-01-19'),
(016,'Phathutshedzo', 'Makhanya', 'Male', 'South Africa', '2024-03-18'),
(017,'Mariam', 'Abubakar', 'Female', 'Egypt', '2024-01-21'),
(018,'Karabo', 'Kganyago', 'Female', 'South Africa', '2024-02-15'),
(019,'Sfiso', 'Zulu', 'Male', 'South Africa', '2024-02-2'),
(020,'Sophia', 'Brown', 'Female', 'United Kingdom', '2024-03-12'),
(021,'Thomas', 'Williams', 'Male', 'United Kingdom', '2024-03-1'),
(022,'Cebisa', 'Mxenge', 'Female', 'South Africa', '2024-01-13'),
(023,'Thabo', 'Langa', 'Male', 'South Africa', '2024-01-27'),
(024,'George', 'Johnson', 'Male', 'United Kingdom', '2024-02-10'),
(025,'Dakalo', 'Ndou', 'Female', 'South Africa', '2024-02-4'),
(026,'Daehyun', 'Yoo', 'Male', 'South Korea', '2024-03-8'),
(027,'DaEun', 'Gwan', 'Female', 'South Korea', '2024-01-27'),
(028,'Silindile', 'Bhengu', 'Female', 'South Africa', '2024-01-30'),
(029,'Amogelang', 'Dlomo', 'Male', 'South Africa', '2024-03-5'),
(030,'Thabang', 'Lekota', 'Female', 'South Africa', '2024-03-5'),
(031,'Luhya', ' Nzuki', 'Male', 'Kenya', '2024-02-28'),
(032,'Kathleen', 'De Klerk', 'Female', 'South Africa', '2024-02-26'),
(033,'Paul', 'Otieno', 'Male', 'Kenya', '2024-01-19'),
(034,'Jaehyun', 'Jin', 'Male', 'South Korea', '2024-02-1'),
(035,'Kayla', 'Gordhan', 'Female', 'South Africa', '2024-01-28'),
(036,'Ibrahim', 'Shoukry', 'Male', 'Egypt', '2024-02-27'),
(037,'Mbali', 'Madikizela', 'Female', 'South Africa', '2024-03-30'),
(038,'Wook', 'Nam', 'Male', 'South Korea', '2024-01-31'),
(039,'Taeyeon', 'Han', 'Female', 'South Korea', '2024-03-31'),
(040,'James', 'Jones', 'Male', 'United Kingdom', '2024-01-18'),
(041,'Michelle', 'Swart', 'Female', 'South Africa', '2024-01-16'),
(042,'Reem', 'Hafez', 'Female', 'Egypt', '2024-02-22'),
(043,'Graig', 'Botha', 'Male', 'South Africa', '2024-02-25'),
(044,'Youssef', 'Sadek', 'Male', 'Egypt', '2024-02-28'),
(045,'Amina', 'Halim', 'Female', 'Egypt', '2024-01-25'),
(046,'Fanele', 'Molefe', 'Male', 'South Africa', '2024-01-13'),
(047,'Elizabeth', 'Smith', 'Female', 'United Kingdom', '2024-03-14'),
(048,'Tiny', 'Ndlovu', 'Female', 'South Africa', '2024-03-19'),
(049,'Mahmoud', 'Fahmy', 'Male', 'Egypt', '2024-01-17'),
(050,'Olivia', 'Davis', 'Female', 'United Kingdom', '2024-01-15'),
(051,'Laila', 'Simba', 'Female', 'Kenya', '2024-02-29'),
(052,'John', 'Van Wyk', 'Male', 'South Africa', '2024-03-19'),
(053,'María', 'Martínez', 'Female', 'Spain', '2024-02-20'),
(054,'Ali', 'Hassan', 'Male', 'Egypt', '2024-02-20'),
(055,'Aisha', 'Mohamed', 'Female', 'Egypt', '2024-02-24'),
(056,'Emily', 'Brown', 'Female', 'United Kingdom', '2024-03-18'),
(057,'Peter', 'Omondi', 'Male', 'Kenya', '2024-01-18'),
(058,'Oliver', 'Williams', 'Male', 'United Kingdom', '2024-02-14'),
(059,'John', 'Taylor', 'Male', 'United Kingdom', '2024-03-22'),
(060,'Fatima', 'Ahmed', 'Female', 'Egypt', '2024-03-19'),
(061,'Moses', 'Matabane', 'Male', 'South Africa', '2024-01-12')
;

insert into Instructors VALUES
(1001, 'Dr Sarah Johnson', 'Computer Science', '2018-02-15'),
(1002, 'Michael Chen', 'Data Analytics', '2019-06-15'),
(1003, 'Dr Aisha Patel', 'Software Engineering', '2018-02-15'),
(1004, 'David Williams', 'Cyber Security', '2018-02-15'),
(1005, 'Emma Rodriguez', 'Machine Learning', '2018-02-15')
;

INSERT INTO Assignments VALUES
(301,201,'Programming Assignment 1','2024-03-20'),
(302,201,'Programming Assignment 2','2024-04-10'),
(303,202,'SQL Query Practice','2024-03-25'),
(304,202,'Database Design Project','2024-04-18'),
(305,203,'Software Architecture Report','2024-03-30'),
(306,203,'Agile Development Case Study','2024-04-15'),
(307,204,'Network Security Analysis','2024-03-28'),
(308,204,'Security Risk Assessment','2024-04-12'),
(309,205,'Machine Learning Model Report','2024-04-22'),
(310,206,'Dashboard Design Project','2024-04-10'),
(311,207,'Secure Code Review','2024-04-05'),
(312,208,'Object-Oriented Programming Project','2024-04-25');


INSERT INTO Courses VALUES
(201,'Introduction to Programming','Computer Science',1001),
(202,'Database Systems','Data Analytics',1002),
(203,'Software Engineering Principles','Software Engineering',1003),
(204,'Cyber Security Fundamentals','Cyber Security',1004),
(205,'Machine Learning Basics','Machine Learning',1005),
(206,'Data Visualization','Data Analytics',1002),
(207,'Secure Coding Practices','Cyber Security',1004),
(208,'Advanced Programming','Computer Science',1001);

INSERT INTO Enrollments VALUES
(1,1,201,'2024-01-20'),
(2,2,202,'2024-01-20'),
(3,3,203,'2024-01-20'),
(4,4,204,'2024-01-20'),
(5,5,205,'2024-01-20'),
(6,6,206,'2024-01-20'),
(7,7,207,'2024-01-20'),
(8,8,208,'2024-01-20'),
(9,9,201,'2024-01-20'),
(10,10,202,'2024-01-20'),
(11,11,203,'2024-01-20'),
(12,12,204,'2024-01-20'),
(13,13,205,'2024-01-20'),
(14,14,206,'2024-01-20'),
(15,15,207,'2024-01-20'),
(16,16,208,'2024-01-20'),
(17,17,201,'2024-01-20'),
(18,18,202,'2024-01-20'),
(19,19,203,'2024-01-20'),
(20,20,204,'2024-01-20'),
(21,21,205,'2024-01-20'),
(22,22,206,'2024-01-20'),
(23,23,207,'2024-01-20'),
(24,24,208,'2024-01-20'),
(25,25,201,'2024-01-20'),
(26,26,202,'2024-01-20'),
(27,27,203,'2024-01-20'),
(28,28,204,'2024-01-20'),
(29,29,205,'2024-01-20'),
(30,30,206,'2024-01-20'),
(31,31,207,'2024-01-20'),
(32,32,208,'2024-01-20'),
(33,33,201,'2024-01-20'),
(34,34,202,'2024-01-20'),
(35,35,203,'2024-01-20'),
(36,36,204,'2024-01-20'),
(37,37,205,'2024-01-20'),
(38,38,206,'2024-01-20'),
(39,39,207,'2024-01-20'),
(40,40,208,'2024-01-20'),
(41,41,201,'2024-01-20'),
(42,42,202,'2024-01-20'),
(43,43,203,'2024-01-20'),
(44,44,204,'2024-01-20'),
(45,45,205,'2024-01-20'),
(46,46,206,'2024-01-20'),
(47,47,207,'2024-01-20'),
(48,48,208,'2024-01-20'),
(49,49,201,'2024-01-20'),
(50,50,202,'2024-01-20'),
(51,51,203,'2024-01-20'),
(52,52,204,'2024-01-20'),
(53,53,205,'2024-01-20'),
(54,54,206,'2024-01-20'),
(55,55,207,'2024-01-20'),
(56,56,208,'2024-01-20'),
(57,57,201,'2024-01-20'),
(58,58,202,'2024-01-20'),
(59,59,203,'2024-01-20'),
(60,60,204,'2024-01-20'),
(61,61,205,'2024-01-20');


INSERT INTO Grades (GradesID, StudentID, AssignmentID, Score) VALUES
(10001,1,301,85),(10002,1,302,78),(10003,1,303,92),(10004,1,304,88),
(10005,1,305,74),(10006,1,306,90),(10007,1,307,82),(10008,1,308,79),
(10009,1,309,91),(10010,1,310,86),(10011,1,311,88),(10012,1,312,84),

(10013,2,301,76),(10014,2,302,81),(10015,2,303,87),(10016,2,304,90),
(10017,2,305,79),(10018,2,306,85),(10019,2,307,91),(10020,2,308,77),
(10021,2,309,82),(10022,2,310,88),(10023,2,311,80),(10024,2,312,86),

(10025,3,301,90),(10026,3,302,87),(10027,3,303,85),(10028,3,304,92),
(10029,3,305,88),(10030,3,306,80),(10031,3,307,78),(10032,3,308,86),
(10033,3,309,91),(10034,3,310,83),(10035,3,311,85),(10036,3,312,89),

(10037,4,301,82),(10038,4,302,79),(10039,4,303,88),(10040,4,304,91),
(10041,4,305,85),(10042,4,306,87),(10043,4,307,80),(10044,4,308,86),
(10045,4,309,90),(10046,4,310,78),(10047,4,311,82),(10048,4,312,85),

(10049,5,301,88),(10050,5,302,90),(10051,5,303,81),(10052,5,304,84),
(10053,5,305,79),(10054,5,306,87),(10055,5,307,83),(10056,5,308,80),
(10057,5,309,89),(10058,5,310,85),(10059,5,311,90),(10060,5,312,82),

(10061,6,301,77),(10062,6,302,82),(10063,6,303,88),(10064,6,304,86),
(10065,6,305,80),(10066,6,306,83),(10067,6,307,85),(10068,6,308,81),
(10069,6,309,87),(10070,6,310,79),(10071,6,311,84),(10072,6,312,88),

(10073,7,301,91),(10074,7,302,88),(10075,7,303,85),(10076,7,304,89),
(10077,7,305,82),(10078,7,306,90),(10079,7,307,86),(10080,7,308,83),
(10081,7,309,92),(10082,7,310,87),(10083,7,311,88),(10084,7,312,85),

(10085,8,301,83),(10086,8,302,80),(10087,8,303,87),(10088,8,304,85),
(10089,8,305,78),(10090,8,306,84),(10091,8,307,81),(10092,8,308,79),
(10093,8,309,88),(10094,8,310,82),(10095,8,311,86),(10096,8,312,80),

(10097,9,301,89),(10098,9,302,85),(10099,9,303,90),(10100,9,304,87),
(10101,9,305,83),(10102,9,306,88),(10103,9,307,86),(10104,9,308,84),
(10105,9,309,91),(10106,9,310,86),(10107,9,311,87),(10108,9,312,89),

(10109,10,301,84),(10110,10,302,79),(10111,10,303,85),(10112,10,304,88),
(10113,10,305,80),(10114,10,306,82),(10115,10,307,83),(10116,10,308,79),
(10117,10,309,87),(10118,10,310,81),(10119,10,311,85),(10120,10,312,86),

(10121,11,301,88),(10122,11,302,84),(10123,11,303,90),(10124,11,304,86),
(10125,11,305,82),(10126,11,306,87),(10127,11,307,83),(10128,11,308,81),
(10129,11,309,89),(10130,11,310,85),(10131,11,311,88),(10132,11,312,84),

(10133,12,301,81),(10134,12,302,79),(10135,12,303,85),(10136,12,304,87),
(10137,12,305,80),(10138,12,306,84),(10139,12,307,82),(10140,12,308,78),
(10141,12,309,86),(10142,12,310,83),(10143,12,311,85),(10144,12,312,80),

(10145,13,301,90),(10146,13,302,86),(10147,13,303,88),(10148,13,304,85),
(10149,13,305,84),(10150,13,306,89),(10151,13,307,87),(10152,13,308,83),
(10153,13,309,91),(10154,13,310,88),(10155,13,311,90),(10156,13,312,86),

(10157,14,301,78),(10158,14,302,82),(10159,14,303,85),(10160,14,304,80),
(10161,14,305,81),(10162,14,306,83),(10163,14,307,79),(10164,14,308,84),
(10165,14,309,86),(10166,14,310,82),(10167,14,311,85),(10168,14,312,81),

(10169,15,301,87),(10170,15,302,85),(10171,15,303,88),(10172,15,304,90),
(10173,15,305,82),(10174,15,306,84),(10175,15,307,86),(10176,15,308,83),
(10177,15,309,89),(10178,15,310,87),(10179,15,311,85),(10180,15,312,88),

(10181,16,301,82),(10182,16,302,79),(10183,16,303,85),(10184,16,304,87),
(10185,16,305,80),(10186,16,306,83),(10187,16,307,81),(10188,16,308,78),
(10189,16,309,84),(10190,16,310,82),(10191,16,311,86),(10192,16,312,80),

(10193,17,301,91),(10194,17,302,88),(10195,17,303,85),(10196,17,304,89),
(10197,17,305,83),(10198,17,306,90),(10199,17,307,87),(10200,17,308,85),
(10201,17,309,92),(10202,17,310,88),(10203,17,311,90),(10204,17,312,86),

(10205,18,301,84),(10206,18,302,81),(10207,18,303,86),(10208,18,304,83),
(10209,18,305,80),(10210,18,306,82),(10211,18,307,79),(10212,18,308,81),
(10213,18,309,88),(10214,18,310,85),(10215,18,311,86),(10216,18,312,82),

(10217,19,301,90),(10218,19,302,87),(10219,19,303,85),(10220,19,304,88),
(10221,19,305,82),(10222,19,306,86),(10223,19,307,84),(10224,19,308,83),
(10225,19,309,91),(10226,19,310,87),(10227,19,311,88),(10228,19,312,85),

(10229,20,301,79),(10230,20,302,82),(10231,20,303,84),(10232,20,304,80),
(10233,20,305,78),(10234,20,306,83),(10235,20,307,81),(10236,20,308,79),
(10237,20,309,86),(10238,20,310,82),(10239,20,311,84),(10240,20,312,80),

(10241,21,301,87),(10242,21,302,85),(10243,21,303,88),(10244,21,304,90),
(10245,21,305,82),(10246,21,306,84),(10247,21,307,86),(10248,21,308,83),
(10249,21,309,89),(10250,21,310,87),(10251,21,311,85),(10252,21,312,88),

(10253,22,301,81),(10254,22,302,78),(10255,22,303,84),(10256,22,304,80),
(10257,22,305,79),(10258,22,306,82),(10259,22,307,80),(10260,22,308,77),
(10261,22,309,85),(10262,22,310,81),(10263,22,311,83),(10264,22,312,79),

(10265,23,301,88),(10266,23,302,85),(10267,23,303,89),(10268,23,304,86),
(10269,23,305,83),(10270,23,306,87),(10271,23,307,84),(10272,23,308,82),
(10273,23,309,90),(10274,23,310,86),(10275,23,311,88),(10276,23,312,85),

(10277,24,301,82),(10278,24,302,80),(10279,24,303,85),(10280,24,304,87),
(10281,24,305,79),(10282,24,306,83),(10283,24,307,81),(10284,24,308,78),
(10285,24,309,86),(10286,24,310,82),(10287,24,311,85),(10288,24,312,80),

(10289,25,301,90),(10290,25,302,87),(10291,25,303,88),(10292,25,304,85),
(10293,25,305,82),(10294,25,306,86),(10295,25,307,84),(10296,25,308,83),
(10297,25,309,91),(10298,25,310,87),(10299,25,311,88),(10300,25,312,85),

(10301,26,301,79),(10302,26,302,82),(10303,26,303,84),(10304,26,304,80),
(10305,26,305,78),(10306,26,306,83),(10307,26,307,81),(10308,26,308,79),
(10309,26,309,86),(10310,26,310,82),(10311,26,311,84),(10312,26,312,80),

(10313,27,301,88),(10314,27,302,85),(10315,27,303,89),(10316,27,304,86),
(10317,27,305,83),(10318,27,306,87),(10319,27,307,84),(10320,27,308,82),
(10321,27,309,90),(10322,27,310,86),(10323,27,311,88),(10324,27,312,85),

(10325,28,301,82),(10326,28,302,80),(10327,28,303,85),(10328,28,304,87),
(10329,28,305,79),(10330,28,306,83),(10331,28,307,81),(10332,28,308,78),
(10333,28,309,86),(10334,28,310,82),(10335,28,311,85),(10336,28,312,80),

(10337,29,301,90),(10338,29,302,87),(10339,29,303,88),(10340,29,304,85),
(10341,29,305,82),(10342,29,306,86),(10343,29,307,84),(10344,29,308,83),
(10345,29,309,91),(10346,29,310,87),(10347,29,311,88),(10348,29,312,85),

(10349,30,301,81),(10350,30,302,78),(10351,30,303,84),(10352,30,304,80),
(10353,30,305,79),(10354,30,306,82),(10355,30,307,80),(10356,30,308,77),
(10357,30,309,85),(10358,30,310,81),(10359,30,311,83),(10360,30,312,79),

(10361,31,301,88),(10362,31,302,85),(10363,31,303,89),(10364,31,304,86),
(10365,31,305,83),(10366,31,306,87),(10367,31,307,84),(10368,31,308,82),
(10369,31,309,90),(10370,31,310,86),(10371,31,311,88),(10372,31,312,85),

(10373,32,301,82),(10374,32,302,80),(10375,32,303,85),(10376,32,304,87),
(10377,32,305,79),(10378,32,306,83),(10379,32,307,81),(10380,32,308,78),
(10381,32,309,86),(10382,32,310,82),(10383,32,311,85),(10384,32,312,80),

(10385,33,301,90),(10386,33,302,87),(10387,33,303,88),(10388,33,304,85),
(10389,33,305,82),(10390,33,306,86),(10391,33,307,84),(10392,33,308,83),
(10393,33,309,91),(10394,33,310,87),(10395,33,311,88),(10396,33,312,85),

(10397,34,301,79),(10398,34,302,82),(10399,34,303,84),(10400,34,304,80),
(10401,34,305,78),(10402,34,306,83),(10403,34,307,81),(10404,34,308,79),
(10405,34,309,86),(10406,34,310,82),(10407,34,311,84),(10408,34,312,80),

(10409,35,301,88),(10410,35,302,85),(10411,35,303,89),(10412,35,304,86),
(10413,35,305,83),(10414,35,306,87),(10415,35,307,84),(10416,35,308,82),
(10417,35,309,90),(10418,35,310,86),(10419,35,311,88),(10420,35,312,85),

(10421,36,301,82),(10422,36,302,80),(10423,36,303,85),(10424,36,304,87),
(10425,36,305,79),(10426,36,306,83),(10427,36,307,81),(10428,36,308,78),
(10429,36,309,86),(10430,36,310,82),(10431,36,311,85),(10432,36,312,80),

(10433,37,301,90),(10434,37,302,87),(10435,37,303,88),(10436,37,304,85),
(10437,37,305,82),(10438,37,306,86),(10439,37,307,84),(10440,37,308,83),
(10441,37,309,91),(10442,37,310,87),(10443,37,311,88),(10444,37,312,85),

(10445,38,301,81),(10446,38,302,78),(10447,38,303,84),(10448,38,304,80),
(10449,38,305,79),(10450,38,306,82),(10451,38,307,80),(10452,38,308,77),
(10453,38,309,85),(10454,38,310,81),(10455,38,311,83),(10456,38,312,79),

(10457,39,301,88),(10458,39,302,85),(10459,39,303,89),(10460,39,304,86),
(10461,39,305,83),(10462,39,306,87),(10463,39,307,84),(10464,39,308,82),
(10465,39,309,90),(10466,39,310,86),(10467,39,311,88),(10468,39,312,85),

(10469,40,301,82),(10470,40,302,80),(10471,40,303,85),(10472,40,304,87),
(10473,40,305,79),(10474,40,306,83),(10475,40,307,81),(10476,40,308,78),
(10477,40,309,86),(10478,40,310,82),(10479,40,311,85),(10480,40,312,80),

(10481,41,301,90),(10482,41,302,87),(10483,41,303,88),(10484,41,304,85),
(10485,41,305,82),(10486,41,306,86),(10487,41,307,84),(10488,41,308,83),
(10489,41,309,91),(10490,41,310,87),(10491,41,311,88),(10492,41,312,85),

(10493,42,301,79),(10494,42,302,82),(10495,42,303,84),(10496,42,304,80),
(10497,42,305,78),(10498,42,306,83),(10499,42,307,81),(10500,42,308,79),
(10501,42,309,86),(10502,42,310,82),(10503,42,311,84),(10504,42,312,80),

(10505,43,301,88),(10506,43,302,85),(10507,43,303,89),(10508,43,304,86),
(10509,43,305,83),(10510,43,306,87),(10511,43,307,84),(10512,43,308,82),
(10513,43,309,90),(10514,43,310,86),(10515,43,311,88),(10516,43,312,85),

(10517,44,301,82),(10518,44,302,80),(10519,44,303,85),(10520,44,304,87),
(10521,44,305,79),(10522,44,306,83),(10523,44,307,81),(10524,44,308,78),
(10525,44,309,86),(10526,44,310,82),(10527,44,311,85),(10528,44,312,80),

(10529,45,301,90),(10530,45,302,87),(10531,45,303,88),(10532,45,304,85),
(10533,45,305,82),(10534,45,306,86),(10535,45,307,84),(10536,45,308,83),
(10537,45,309,91),(10538,45,310,87),(10539,45,311,88),(10540,45,312,85),

(10541,46,301,81),(10542,46,302,78),(10543,46,303,84),(10544,46,304,80),
(10545,46,305,79),(10546,46,306,82),(10547,46,307,80),(10548,46,308,77),
(10549,46,309,85),(10550,46,310,81),(10551,46,311,83),(10552,46,312,79),

(10553,47,301,88),(10554,47,302,85),(10555,47,303,89),(10556,47,304,86),
(10557,47,305,83),(10558,47,306,87),(10559,47,307,84),(10560,47,308,82),
(10561,47,309,90),(10562,47,310,86),(10563,47,311,88),(10564,47,312,85),

(10565,48,301,82),(10566,48,302,80),(10567,48,303,85),(10568,48,304,87),
(10569,48,305,79),(10570,48,306,83),(10571,48,307,81),(10572,48,308,78),
(10573,48,309,86),(10574,48,310,82),(10575,48,311,85),(10576,48,312,80),

(10577,49,301,90),(10578,49,302,87),(10579,49,303,88),(10580,49,304,85),
(10581,49,305,82),(10582,49,306,86),(10583,49,307,84),(10584,49,308,83),
(10585,49,309,91),(10586,49,310,87),(10587,49,311,88),(10588,49,312,85),

(10589,50,301,81),(10590,50,302,78),(10591,50,303,84),(10592,50,304,80),
(10593,50,305,79),(10594,50,306,82),(10595,50,307,80),(10596,50,308,77),
(10597,50,309,85),(10598,50,310,81),(10599,50,311,83),(10600,50,312,79),

(10601,51,301,88),(10602,51,302,85),(10603,51,303,89),(10604,51,304,86),
(10605,51,305,83),(10606,51,306,87),(10607,51,307,84),(10608,51,308,82),
(10609,51,309,90),(10610,51,310,86),(10611,51,311,88),(10612,51,312,85),

(10613,52,301,82),(10614,52,302,80),(10615,52,303,85),(10616,52,304,87),
(10617,52,305,79),(10618,52,306,83),(10619,52,307,81),(10620,52,308,78),
(10621,52,309,86),(10622,52,310,82),(10623,52,311,85),(10624,52,312,80),

(10625,53,301,90),(10626,53,302,87),(10627,53,303,88),(10628,53,304,85),
(10629,53,305,82),(10630,53,306,86),(10631,53,307,84),(10632,53,308,83),
(10633,53,309,91),(10634,53,310,87),(10635,53,311,88),(10636,53,312,85),

(10637,54,301,81),(10638,54,302,78),(10639,54,303,84),(10640,54,304,80),
(10641,54,305,79),(10642,54,306,82),(10643,54,307,80),(10644,54,308,77),
(10645,54,309,85),(10646,54,310,81),(10647,54,311,83),(10648,54,312,79),

(10649,55,301,88),(10650,55,302,85),(10651,55,303,89),(10652,55,304,86),
(10653,55,305,83),(10654,55,306,87),(10655,55,307,84),(10656,55,308,82),
(10657,55,309,90),(10658,55,310,86),(10659,55,311,88),(10660,55,312,85),

(10661,56,301,82),(10662,56,302,80),(10663,56,303,85),(10664,56,304,87),
(10665,56,305,79),(10666,56,306,83),(10667,56,307,81),(10668,56,308,78),
(10669,56,309,86),(10670,56,310,82),(10671,56,311,85),(10672,56,312,80),

(10673,57,301,90),(10674,57,302,87),(10675,57,303,88),(10676,57,304,85),
(10677,57,305,82),(10678,57,306,86),(10679,57,307,84),(10680,57,308,83),
(10681,57,309,91),(10682,57,310,87),(10683,57,311,88),(10684,57,312,85),

(10685,58,301,81),(10686,58,302,78),(10687,58,303,84),(10688,58,304,80),
(10689,58,305,79),(10690,58,306,82),(10691,58,307,80),(10692,58,308,77),
(10693,58,309,85),(10694,58,310,81),(10695,58,311,83),(10696,58,312,79),

(10697,59,301,88),(10698,59,302,85),(10699,59,303,89),(10700,59,304,86),
(10701,59,305,83),(10702,59,306,87),(10703,59,307,84),(10704,59,308,82),
(10705,59,309,90),(10706,59,310,86),(10707,59,311,88),(10708,59,312,85),

(10709,60,301,82),(10710,60,302,80),(10711,60,303,85),(10712,60,304,87),
(10713,60,305,79),(10714,60,306,83),(10715,60,307,81),(10716,60,308,78),
(10717,60,309,86),(10718,60,310,82),(10719,60,311,85),(10720,60,312,80),

(10721,61,301,90),(10722,61,302,87),(10723,61,303,88),(10724,61,304,85),
(10725,61,305,82),(10726,61,306,86),(10727,61,307,84),(10728,61,308,83),
(10729,61,309,91),(10730,61,310,87),(10731,61,311,88),(10732,61,312,85);


----------------------------------------------------
-- Data exploration raw
----------------------------------------------------
SELECT * 
FROM Students;

SELECT * 
FROM Instructors;

SELECT * 
FROM Grades;

SELECT * 
FROM Enrollments;

SELECT * 
FROM Courses;

SELECT * 
FROM Assignments;

UPDATE Enrollments
SET EnrollmentDate = CASE
    WHEN StudentID IN (
        SELECT StudentID 
        FROM Students 
        WHERE strftime('%m', RegistrationDate) = '01'
    ) THEN '2024-04-05'

    WHEN StudentID IN (
        SELECT StudentID 
        FROM Students 
        WHERE strftime('%m', RegistrationDate) = '02'
    ) THEN '2024-04-15'

    WHEN StudentID IN (
        SELECT StudentID 
        FROM Students 
        WHERE strftime('%m', RegistrationDate) = '03'
    ) THEN '2024-04-25'
END;

SELECT *
from Enrollments
where enrollmentdate IS NULL;

SELECT 
	e.EnrollmentID,
    e.StudentID,
    s.FirstName,
    s.LastName,
    s.RegistrationDate,
    e.EnrollmentDate
FROM Enrollments e
JOIN Students s
	ON e.StudentID = s.StudentID
WHERE e.EnrollmentDate IS NULL	;

UPDATE Enrollments
SET EnrollmentDate = (
    CASE strftime('%m', (
        SELECT RegistrationDate 
        FROM Students 
        WHERE Students.StudentID = Enrollments.StudentID
    ))
        WHEN '01' THEN '2024-04-05'
        WHEN '02' THEN '2024-04-15'
        WHEN '03' THEN '2024-04-25'
        ELSE EnrollmentDate
    END
)
WHERE EnrollmentDate IS NULL;

SELECT StudentID, RegistrationDate
FROM Students
WHERE LENGTH(RegistrationDate) != 10;

UPDATE Students
SET RegistrationDate =
    substr(RegistrationDate, 1, 8) || 
    '0' || 
    substr(RegistrationDate, 9)
WHERE LENGTH(RegistrationDate) = 9;
		
SELECT 
	s.StudentID, 
    s.FirstName, 
    s.LastName, 
    s.RegistrationDate, 
    e.EnrollmentDate
FROM Students s
JOIN Enrollments e
ON s.StudentID = e.StudentID
where s.StudentID in (19,21,25,26,29,30,34);